{
  "id": "2791331",
  "name": "MiniVideo",
  "font_family": "iconfont",
  "css_prefix_text": "icon-",
  "description": "",
  "glyphs": [
    {
      "icon_id": "551449",
      "name": "知识",
      "font_class": "zhishi",
      "unicode": "e615",
      "unicode_decimal": 58901
    },
    {
      "icon_id": "1473537",
      "name": "音乐",
      "font_class": "yinyue",
      "unicode": "e680",
      "unicode_decimal": 59008
    },
    {
      "icon_id": "5220728",
      "name": "篮球",
      "font_class": "lanqiu",
      "unicode": "e600",
      "unicode_decimal": 58880
    },
    {
      "icon_id": "8423777",
      "name": "游戏娱乐",
      "font_class": "huaban",
      "unicode": "e60c",
      "unicode_decimal": 58892
    },
    {
      "icon_id": "8763658",
      "name": "热门",
      "font_class": "remen",
      "unicode": "e6cb",
      "unicode_decimal": 59083
    },
    {
      "icon_id": "11200578",
      "name": "动漫",
      "font_class": "dongman",
      "unicode": "e604",
      "unicode_decimal": 58884
    },
    {
      "icon_id": "11474219",
      "name": "all",
      "font_class": "all",
      "unicode": "e6ef",
      "unicode_decimal": 59119
    },
    {
      "icon_id": "15838485",
      "name": "home",
      "font_class": "home",
      "unicode": "e674",
      "unicode_decimal": 58996
    },
    {
      "icon_id": "16136957",
      "name": "书本",
      "font_class": "shuben",
      "unicode": "e60b",
      "unicode_decimal": 58891
    },
    {
      "icon_id": "22720002",
      "name": "热门",
      "font_class": "remen1",
      "unicode": "e6aa",
      "unicode_decimal": 59050
    }
  ]
}
